PA,SZ,senior_pop_2025,total_pop_2025,aging_index_2025,senior_pop_2015,senior_pop_2020,senior_growth_rate,infra_count_weighted,infra_density,dist_nearest_hospital_km,dist_nearest_poly_km,demand_supply_ratio,cluster_id,cluster_label,cluster_color
Ang Mo Kio,Ang Mo Kio Town Centre,950,4830,0.19668737060041408,710.0,830,0.02954782547316981,12.0,2.25140712945591,5.5862058339969,5.719120293529311,0.611818275856152,0,Well-Served,#1A7A3C
Ang Mo Kio,Cheng San,6970,26560,0.2624246987951807,4640.0,6050,0.04152927086743485,2.0,0.07390983000739099,4.995972054516549,4.902499439498095,129.28741306191057,0,Well-Served,#1A7A3C
Ang Mo Kio,Chong Boon,7390,24860,0.29726468222043445,5080.0,6450,0.038192943301735394,9.0,0.3548895899053628,4.832458664581657,5.2908580163127725,29.045380119490854,0,Well-Served,#1A7A3C
Ang Mo Kio,Kebun Bahru,5840,21680,0.2693726937269373,4280.0,5120,0.03156573463358492,2.0,0.09017132551848513,5.744685317997857,6.515063990203258,94.47363146410407,0,Well-Served,#1A7A3C
Ang Mo Kio,Sembawang Hills,1470,6950,0.21151079136690648,1090.0,1410,0.030360221235104845,0.0,0.0,5.798641492677627,7.531028745896057,1470.0,1,High Pressure,#C0392B
Ang Mo Kio,Shangri-La,4510,17680,0.25509049773755654,3140.0,3620,0.036870907873955305,9.0,0.49504950495049505,5.292414854611638,6.80209719284225,13.340424282266206,0,Well-Served,#1A7A3C
Ang Mo Kio,Tagore,2030,8090,0.25092707045735474,1120.0,1570,0.061274676611179135,0.0,0.0,4.757163064438387,7.14570754149416,2029.9999999999998,1,High Pressure,#C0392B
Ang Mo Kio,Townsville,5680,19870,0.2858580775037745,4360.0,5090,0.026800767556249605,9.0,0.4418262150220913,4.899885406798537,6.013770466537812,18.26572884059324,0,Well-Served,#1A7A3C
Ang Mo Kio,Yio Chu Kang,130,330,0.3939393939393939,0.0,0,0.0,2.0,2.4096385542168672,4.556353176930607,5.351926054831573,0.07485972265334347,0,Well-Served,#1A7A3C
Ang Mo Kio,Yio Chu Kang East,1000,4500,0.2222222222222222,530.0,740,0.06554651508435816,1.0,0.2,4.681286382832768,4.637788232440575,6.819169482256145,0,Well-Served,#1A7A3C
Ang Mo Kio,Yio Chu Kang West,5890,24150,0.24389233954451345,3640.0,4730,0.049304151479462766,9.0,0.36511156186612576,4.850150041295016,6.307812947477066,23.00672157574068,0,Well-Served,#1A7A3C
Bedok,Bayshore,1230,8250,0.14909090909090908,710.0,940,0.056488262095732544,1.0,0.11428571428571428,3.276857863461624,2.5777517223743036,13.214636010015258,0,Well-Served,#1A7A3C
Bedok,Bedok North,20450,80400,0.2543532338308458,13180.0,16710,0.044907364777401204,27.0,0.3337453646477132,1.9215233853026794,0.5842792121461791,68.00837084633903,0,Well-Served,#1A7A3C
Bedok,Bedok Reservoir,4690,25010,0.1875249900039984,2630.0,3650,0.05955061871636502,5.0,0.1960015680125441,2.495251188224361,1.5345303962196635,27.848957378298273,0,Well-Served,#1A7A3C
Bedok,Bedok South,12280,48220,0.2546661136457901,8450.0,10200,0.038087988129197115,5.0,0.10262725779967159,2.019552805974882,1.7865805913708885,136.6152564694863,0,Well-Served,#1A7A3C
Bedok,Frankel,6630,35010,0.1893744644387318,4900.0,5880,0.030698739297498667,7.0,0.19712756969867645,4.709511370968751,1.5627433478627928,42.85084307823624,0,Well-Served,#1A7A3C
Bedok,Kaki Bukit,8490,34960,0.24284897025171626,4910.0,6580,0.056288665966775175,1.0,0.02820078962210942,4.606206763437786,2.8461290592215605,378.4408707357965,2,Emerging Pressure,#D4A017
Bedok,Kembangan,9440,35580,0.2653175941540191,6120.0,7900,0.0442922553536651,11.0,0.3048780487804878,4.020875582912326,1.6710028525465639,38.58201180834122,0,Well-Served,#1A7A3C
Bedok,Siglap,1920,7510,0.255659121171771,1480.0,1720,0.02637000441876891,2.0,0.24968789013732834,4.6261854531363875,2.229720701634819,9.931011338819799,0,Well-Served,#1A7A3C
Bishan,Bishan East,6930,27390,0.25301204819277107,3970.0,5540,0.057290360739149726,4.0,0.14342058085335246,3.2544003756156283,4.889061354855233,62.696657891541385,0,Well-Served,#1A7A3C
Bishan,Marymount,5960,28920,0.20608575380359612,3280.0,4510,0.061542146321601265,7.0,0.23793337865397687,3.5605747819005575,6.1190521121682915,33.912695694878735,0,Well-Served,#1A7A3C
Bishan,Upper Thomson,7060,31590,0.22348844571066792,5020.0,6020,0.03468963458395602,4.0,0.12464942349641632,4.0720421180933455,7.339721256221327,79.73131843394226,0,Well-Served,#1A7A3C
Bukit Batok,Brickworks,2800,31000,0.09032258064516129,0.0,1050,0.0,7.0,0.2222222222222222,2.5470159989781855,0.7542958331837787,14.415146837862759,0,Well-Served,#1A7A3C
Bukit Batok,Bukit Batok Central,5740,27180,0.21118469462840322,2900.0,4190,0.07065953596208119,13.0,0.46965317919075145,1.6683980202698372,0.5160277069570165,13.399176492194217,0,Well-Served,#1A7A3C
Bukit Batok,Bukit Batok East,3070,11850,0.2590717299578059,1560.0,2380,0.07004336322780147,11.0,0.8906882591093118,2.1038696874977076,1.1396400727937106,3.922175859778778,0,Well-Served,#1A7A3C
Bukit Batok,Bukit Batok South,2450,14340,0.1708507670850767,1050.0,1710,0.08842291989017026,1.0,0.0673854447439353,1.7254225217966734,1.8391933522661557,40.80945307945047,0,Well-Served,#1A7A3C
Bukit Batok,Bukit Batok West,3110,14250,0.21824561403508771,1650.0,2480,0.06543668057111796,9.0,0.6101694915254238,1.783189548931477,0.7089248466361167,5.6495045185218125,0,Well-Served,#1A7A3C
Bukit Batok,Gombak,1890,9800,0.19285714285714287,1190.0,1560,0.04734914926430567,0.0,0.0,3.951383887067533,1.9974696728738968,1889.9999999999998,1,High Pressure,#C0392B
Bukit Batok,Guilin,2460,12800,0.1921875,1260.0,1900,0.0691938602600799,4.0,0.3007518796992481,2.723956450928132,0.9115276045944349,9.48052719176816,0,Well-Served,#1A7A3C
Bukit Batok,Hillview,3530,20670,0.17077890662796325,1710.0,2540,0.07517178632256605,2.0,0.09447331128956069,3.132404213337107,1.6905214706887288,44.542921631479395,0,Well-Served,#1A7A3C
Bukit Batok,Hong Kah North,5620,24670,0.2278070531009323,2730.0,4100,0.0748735271233898,7.0,0.278108859753675,3.18089353365513,1.0672499900161654,23.96624168391303,0,Well-Served,#1A7A3C
Bukit Merah,Alexandra Hill,3710,12790,0.29007036747458953,3030.0,3450,0.020453285071361904,5.0,0.3762227238525207,1.0353094721020122,0.8951256229910179,10.60605126949735,0,Well-Served,#1A7A3C
Bukit Merah,Alexandra North,240,3060,0.0784313725490196,10.0,130,0.37410881031663723,0.0,0.0,2.2078686808001935,1.1190527986802887,240.0,2,Emerging Pressure,#D4A017
Bukit Merah,Bukit Ho Swee,4020,13340,0.30134932533733133,3290.0,3670,0.020241571220656285,5.0,0.36127167630057805,1.2145557763961972,1.3137189783166054,12.204481774613038,0,Well-Served,#1A7A3C
Bukit Merah,Bukit Merah,310,1070,0.2897196261682243,170.0,250,0.06191872105343488,8.0,5.095541401273885,1.723758384572106,0.38127862754444247,0.06676245744648497,0,Well-Served,#1A7A3C
Bukit Merah,Depot Road,1230,6550,0.18778625954198475,770.0,1100,0.04795211530476329,1.0,0.14184397163120568,1.1552854244308701,1.0405383749540245,9.371148502797995,0,Well-Served,#1A7A3C
Bukit Merah,Everton Park,1990,7400,0.2689189189189189,1700.0,1890,0.015875333893980548,1.0,0.12658227848101264,0.5114610321665297,0.39717074307941985,16.177756159397617,0,Well-Served,#1A7A3C
Bukit Merah,Henderson Hill,3550,11650,0.30472103004291845,2730.0,3360,0.026612553634114855,9.0,0.7407407407407407,1.7462754987933686,0.500728903550574,5.27509341779544,0,Well-Served,#1A7A3C
Bukit Merah,Kampong Tiong Bahru,2790,9870,0.2826747720364742,2220.0,2570,0.023116580587233093,4.0,0.3857280617164899,0.9518890736457896,1.2133587135649448,7.818646280288859,0,Well-Served,#1A7A3C
Bukit Merah,Maritime Square,720,5520,0.13043478260869565,170.0,510,0.15528293286662964,4.0,0.6644518272425249,2.6637825837535845,2.1549517472945987,1.2956412001724524,0,Well-Served,#1A7A3C
Bukit Merah,Redhill,1960,11020,0.17785843920145192,1920.0,1730,0.0020640559571163397,10.0,0.8680555555555556,1.8616994553565354,0.3951044368519569,2.491690203714493,0,Well-Served,#1A7A3C
Bukit Merah,Telok Blangah Drive,4350,18850,0.23076923076923078,3100.0,3810,0.03445774687333891,6.0,0.31007751937984496,1.5270329425267692,1.0929559139123508,15.504393460659298,0,Well-Served,#1A7A3C
Bukit Merah,Telok Blangah Rise,3760,11510,0.3266724587315378,2790.0,3340,0.03028734200562,4.0,0.33305578684429643,1.5413189492080672,1.3823306731118372,12.585332195027247,0,Well-Served,#1A7A3C
Bukit Merah,Telok Blangah Way,2540,8340,0.30455635491606714,2110.0,2360,0.018720688723888435,3.0,0.3393665158371041,1.7042309188211642,0.8023968641847149,8.275419203435984,0,Well-Served,#1A7A3C
Bukit Merah,Tiong Bahru,2700,12210,0.22113022113022113,2220.0,2630,0.019767293574032063,0.0,0.0,0.6226708025093445,0.8167411856245078,2700.0,1,High Pressure,#C0392B
Bukit Merah,Tiong Bahru Station,3230,14510,0.22260509993108202,2690.0,2830,0.01846245641636557,17.0,1.1325782811459026,1.0287825881103365,1.1989952968146882,3.09820704887465,0,Well-Served,#1A7A3C
Bukit Panjang,Bangkit,4870,20840,0.2336852207293666,2830.0,3780,0.05578199785185278,1.0,0.046860356138706656,5.687404278253322,3.981884264648437,141.650305149446,0,Well-Served,#1A7A3C
Bukit Panjang,Dairy Farm,990,7840,0.12627551020408162,500.0,750,0.07069683532443505,0.0,0.0,4.856530762260863,3.262725417332847,990.0,2,Emerging Pressure,#D4A017
Bukit Panjang,Fajar,4320,26050,0.1658349328214971,2190.0,3280,0.07029614996076283,2.0,0.07532956685499058,6.184108177543999,4.319023296358199,80.96452972252852,0,Well-Served,#1A7A3C
Bukit Panjang,Jelebu,6150,29600,0.20777027027027026,3300.0,4560,0.06423152010676558,5.0,0.16611295681063123,5.22218198251652,3.3602399245822827,50.01219030829314,0,Well-Served,#1A7A3C
Bukit Panjang,Nature Reserve,690,4050,0.17037037037037037,340.0,480,0.07333926578102345,0.0,0.0,4.173115161625468,3.5593178500438936,689.9999999999999,2,Emerging Pressure,#D4A017
Bukit Panjang,Saujana,3780,24740,0.15278900565885206,1690.0,2650,0.0838283568272129,0.0,0.0,6.069190289784261,4.098701922543883,3779.9999999999995,1,High Pressure,#C0392B
Bukit Panjang,Senja,3860,23720,0.1627318718381113,1550.0,2220,0.09553324367227689,5.0,0.2064409578860446,6.103183350939355,4.064709555984941,26.50050131462236,0,Well-Served,#1A7A3C
Bukit Timah,Anak Bukit,4940,24280,0.20345963756177923,3020.0,4070,0.0504418130281874,4.0,0.16142050040355124,2.463651668991962,2.710583450867147,36.58865741252456,0,Well-Served,#1A7A3C
Bukit Timah,Coronation Road,1240,7570,0.16380449141347425,980.0,1140,0.023810456790421597,3.0,0.37174721189591076,3.897989313750439,4.398223045293512,4.410087485911177,0,Well-Served,#1A7A3C
Bukit Timah,Farrer Court,1030,7720,0.133419689119171,750.0,890,0.032232660085260934,1.0,0.12165450121654503,3.105274200682729,3.9405934168052035,10.670361042247151,0,Well-Served,#1A7A3C
Bukit Timah,Hillcrest,1710,9890,0.17290192113245703,1290.0,1500,0.0285860737301602,0.0,0.0,4.218616694285986,5.671994235444178,1710.0,1,High Pressure,#C0392B
Bukit Timah,Holland Road,1870,11880,0.1574074074074074,1200.0,1580,0.04536038020638711,1.0,0.08077544426494346,3.414290779467391,2.274237701410664,28.24895774707959,0,Well-Served,#1A7A3C
Bukit Timah,Leedon Park,1420,7560,0.18783068783068782,910.0,1150,0.04550158416568606,2.0,0.2481389578163772,2.445229420242017,3.5870968927963376,7.003367666695575,0,Well-Served,#1A7A3C
Bukit Timah,Swiss Club,1070,6310,0.16957210776545167,790.0,940,0.03080298767857048,0.0,0.0,5.047402322021549,4.446273383838671,1070.0,2,Emerging Pressure,#D4A017
Bukit Timah,Ulu Pandan,2450,11460,0.21378708551483422,1650.0,2090,0.040323033089643134,0.0,0.0,2.266176391457692,2.1787090826571864,2450.0,1,High Pressure,#C0392B
Changi,Changi Point,180,410,0.43902439024390244,100.0,100,0.060540481614018704,0.0,0.0,6.533634634082236,3.3555642067167306,180.0,0,Well-Served,#1A7A3C
Changi,Changi West,20,1370,0.014598540145985401,40.0,10,-0.06696700846319259,0.0,0.0,4.301789848637261,1.8019287200253813,20.0,0,Well-Served,#1A7A3C
Choa Chu Kang,Choa Chu Kang Central,3320,21870,0.1518061271147691,1670.0,2410,0.07112994608409329,3.0,0.13410818059901652,5.763037685814311,3.647822845951602,34.24199211776586,0,Well-Served,#1A7A3C
Choa Chu Kang,Choa Chu Kang North,4790,30530,0.1568948575171962,2310.0,3350,0.07565339763343659,4.0,0.12890750886239122,6.665086063005188,4.5534841723906405,54.00188631177421,0,Well-Served,#1A7A3C
Choa Chu Kang,Keat Hong,3880,39030,0.09941070971047912,1180.0,2660,0.12640604325822813,2.0,0.05059448520111308,4.6894810780411795,2.58267171294511,98.06841645737734,0,Well-Served,#1A7A3C
Choa Chu Kang,Peng Siang,5430,33330,0.1629162916291629,2530.0,3950,0.0793640046807349,2.0,0.05911912503694946,5.222853548458096,3.183956061595143,121.8119121688783,0,Well-Served,#1A7A3C
Choa Chu Kang,Teck Whye,5310,24230,0.21914981427981842,3010.0,3960,0.058407241418382494,6.0,0.2426202992317024,5.584116469983786,3.4916280429285345,30.117504726522885,0,Well-Served,#1A7A3C
Choa Chu Kang,Yew Tee,5720,39220,0.14584395716471188,2770.0,3910,0.0752058681699952,2.0,0.050352467270896276,6.009865082405883,4.418963142944627,158.2896917500975,0,Well-Served,#1A7A3C
Clementi,Clementi Central,3530,14390,0.2453092425295344,2260.0,3070,0.04560253290447691,14.0,0.9402283411685695,2.8546081407229646,0.3852860413374062,4.328357033671154,0,Well-Served,#1A7A3C
Clementi,Clementi North,7420,30700,0.24169381107491858,5600.0,6500,0.028540951399434356,5.0,0.16025641025641027,2.5850563318593083,0.6683130610273018,52.83469993890373,0,Well-Served,#1A7A3C
Clementi,Clementi West,3850,14660,0.2626193724420191,2390.0,3120,0.04883285393153436,2.0,0.13192612137203166,2.1361501813686274,1.5710598686976804,33.38341072390633,0,Well-Served,#1A7A3C
Clementi,Clementi Woods,3930,19660,0.19989827060020346,2560.0,3220,0.04379511138645853,1.0,0.0496031746031746,1.8041569723041109,1.3673354612657533,87.62743770504774,0,Well-Served,#1A7A3C
Clementi,Faber,790,8620,0.09164733178654293,530.0,660,0.04072292711271053,0.0,0.0,1.5413592854100282,1.5012657863149361,790.0,2,Emerging Pressure,#D4A017
Clementi,Sunset Way,1540,6460,0.23839009287925697,1040.0,1310,0.04003687611465967,0.0,0.0,2.478901808338688,1.6934745471588426,1540.0,1,High Pressure,#C0392B
Clementi,West Coast,1160,10250,0.11317073170731708,620.0,880,0.06464943994725014,0.0,0.0,2.2458943006512233,0.99992142568466,1160.0,2,Emerging Pressure,#D4A017
Downtown Core,Bugis,280,1330,0.21052631578947367,610.0,200,-0.07491248524569327,2.0,1.0928961748633879,1.5752878241524948,2.85663924594134,0.2980180327768142,0,Well-Served,#1A7A3C
Downtown Core,Central Subzone,90,1590,0.05660377358490566,0.0,20,0.0,4.0,1.9138755980861246,1.6888457983129859,1.3973864088258872,0.052936107330168965,0,Well-Served,#1A7A3C
Downtown Core,Tanjong Pagar,50,950,0.05263157894736842,40.0,30,0.022565182563572872,1.0,0.6896551724137931,1.2243353587821215,0.9408435846629248,0.07885997607701317,0,Well-Served,#1A7A3C
Geylang,Aljunied,9810,44280,0.22154471544715448,6420.0,7850,0.043310066950168036,14.0,0.31263957123715946,4.183109023399603,0.8603172305028288,38.59824528419984,0,Well-Served,#1A7A3C
Geylang,Geylang East,6970,33140,0.21031985515992757,5190.0,5940,0.029927233603941117,11.0,0.3269916765755053,5.8644457552981635,1.3750106996256624,28.32937341762929,0,Well-Served,#1A7A3C
Geylang,Kampong Ubi,2720,13860,0.19624819624819625,1340.0,1910,0.07336248089679032,1.0,0.06963788300835655,5.744508826865195,1.6570315799339308,51.236015931658315,0,Well-Served,#1A7A3C
Geylang,Macpherson,6690,26620,0.25131480090157776,4870.0,5600,0.03226146621462034,21.0,0.7743362831858407,4.359259326723175,0.9683493806274268,10.756446150518421,0,Well-Served,#1A7A3C
Hougang,Hougang Central,1090,4690,0.232409381663113,630.0,810,0.05635184419820183,17.0,3.2755298651252405,2.8330557855451577,2.544188897038344,0.4051567531648468,0,Well-Served,#1A7A3C
Hougang,Hougang East,4570,23540,0.1941376380628717,2230.0,3280,0.07438796218526433,0.0,0.0,2.028456740684623,1.7233758636957757,4570.0,1,High Pressure,#C0392B
Hougang,Hougang West,10680,42920,0.2488350419384902,5830.0,8100,0.06240540080586077,2.0,0.046061722708429294,2.506226465780664,2.2523270067052668,269.60273645069975,0,Well-Served,#1A7A3C
Hougang,Kangkar,6110,35020,0.1744717304397487,3370.0,4790,0.061307249867248004,2.0,0.0563063063063063,2.6627408745651984,2.359146813299585,127.90594846061776,0,Well-Served,#1A7A3C
Hougang,Kovan,5290,27760,0.1905619596541787,3220.0,4110,0.05089658325849622,0.0,0.0,4.062957812153195,3.819016844937439,5290.0,1,High Pressure,#C0392B
Hougang,Lorong Ah Soo,7810,31380,0.24888463989802423,5210.0,6430,0.041313097819220435,3.0,0.09410288582183188,4.519272142359473,3.9834768146121418,110.09204431756713,0,Well-Served,#1A7A3C
Hougang,Tai Seng,3400,14090,0.24130589070262598,2130.0,2780,0.04787609106289126,2.0,0.13708019191226867,5.1068940665397475,2.7252100148235217,32.843753241015236,0,Well-Served,#1A7A3C
Hougang,Trafalgar,9270,48530,0.19101586647434576,4450.0,6810,0.07614792422908434,1.0,0.020395676116663267,2.179945006459107,2.0212160458554465,502.7752797936172,2,Emerging Pressure,#D4A017
Jurong East,Lakeside (Leisure),280,400,0.7,0.0,430,0.0,0.0,0.0,1.8708771427769983,1.7853776919574824,280.0,2,Emerging Pressure,#D4A017
Jurong East,Teban Gardens,4200,17130,0.24518388791593695,2710.0,3670,0.044787576879188995,0.0,0.0,2.2730623715897096,2.076623561733418,4200.0,1,High Pressure,#C0392B
Jurong East,Toh Guan,3070,13640,0.2250733137829912,1460.0,2190,0.0771558687014362,7.0,0.49504950495049505,0.41103286510947445,1.741613456427162,6.638476260703937,0,Well-Served,#1A7A3C
Jurong East,Yuhua East,6420,23190,0.276843467011643,3790.0,5240,0.054118855468558325,2.0,0.08442380751371886,1.2327308385052906,1.3749542922498363,82.78728632678714,0,Well-Served,#1A7A3C
Jurong East,Yuhua West,4450,18270,0.2435686918445539,2580.0,3530,0.056024588655319896,9.0,0.47948854555141185,2.607756290810318,0.21770730433006355,10.526470344639309,0,Well-Served,#1A7A3C
Jurong West,Boon Lay Place,4860,29750,0.16336134453781512,2990.0,3830,0.04977568189028436,7.0,0.23140495867768596,3.9844585990501176,1.931823817397785,26.260754967390138,0,Well-Served,#1A7A3C
Jurong West,Hong Kah,11890,51270,0.23190949873220207,6640.0,9430,0.05998904664989935,6.0,0.11589723778249951,3.1214032666533362,0.7368840841754507,119.65382192720698,0,Well-Served,#1A7A3C
Jurong West,Jurong West Central,9070,60930,0.14885934679139998,4330.0,6640,0.07674270747601919,5.0,0.08139345596614032,5.169831950753182,3.418007069391761,149.17086486835834,0,Well-Served,#1A7A3C
Jurong West,Taman Jurong,6140,38730,0.15853343661244512,3340.0,4750,0.06277710606103648,10.0,0.2549069589599796,2.8817003051175085,1.9215931889118467,28.810578071551973,0,Well-Served,#1A7A3C
Jurong West,Wenya,1110,8170,0.13586291309669524,490.0,850,0.08520725840349863,1.0,0.11534025374855825,4.963649502112172,2.5548219733884605,12.60495520984155,0,Well-Served,#1A7A3C
Jurong West,Yunnan,11340,65460,0.17323556370302476,5430.0,8270,0.07641891958058045,3.0,0.04548211036992117,5.891072281618268,4.0321741431868405,342.2770809137109,2,Emerging Pressure,#D4A017
Kallang,Bendemeer,8980,38130,0.23551009703645423,5530.0,7580,0.0496756447425557,4.0,0.10354646647683147,1.72844251547577,2.8440141654064224,100.48155142568463,0,Well-Served,#1A7A3C
Kallang,Boon Keng,2970,12100,0.24545454545454545,1920.0,2660,0.044589177642213595,2.0,0.15873015873015872,3.0712633005508683,1.5719911248674026,22.29805133965044,0,Well-Served,#1A7A3C
Kallang,Crawford,2780,7740,0.35917312661498707,2490.0,2650,0.01107773037076809,7.0,0.8495145631067961,2.049694324542668,3.1770489286883734,3.9142177204756683,0,Well-Served,#1A7A3C
Kallang,Geylang Bahru,2860,10300,0.27766990291262134,2350.0,2570,0.01983477580214288,5.0,0.4629629629629629,2.76590195123694,1.847045825523619,7.355276215271028,0,Well-Served,#1A7A3C
Kallang,Kampong Bugis,280,1760,0.1590909090909091,80.0,160,0.13346158167069744,1.0,0.4424778761061947,2.8637093937412725,2.1922666471550722,0.7629412206634674,0,Well-Served,#1A7A3C
Kallang,Kampong Java,2560,10430,0.24544582933844677,2000.0,2260,0.024993230105207598,2.0,0.18298261665141813,0.7018995629820407,3.920339344185914,16.025850861692952,0,Well-Served,#1A7A3C
Kallang,Lavender,2240,10310,0.21726479146459748,1730.0,1940,0.02617207358869411,3.0,0.27752081406105455,1.5446968422723326,3.2915491636331353,9.451842266636481,0,Well-Served,#1A7A3C
Kallang,Tanjong Rhu,2020,11670,0.17309340188517566,1320.0,1630,0.043464657197566536,3.0,0.2465078060805259,3.479700143233773,2.3964484900873497,10.157969991906644,0,Well-Served,#1A7A3C
Mandai,Mandai Estate,380,2200,0.17272727272727273,200.0,270,0.06629005847852576,2.0,0.7407407407407407,1.5208258461066106,2.380170718320705,0.5877295862294425,0,Well-Served,#1A7A3C
Marine Parade,Katong,1890,9700,0.19484536082474227,1390.0,1610,0.03120426458803438,2.0,0.19607843137254904,6.365783640623075,0.7893403364118954,12.84731538022132,0,Well-Served,#1A7A3C
Marine Parade,Marine Parade,6520,27430,0.23769595333576377,5440.0,5920,0.018274503422792243,10.0,0.35803795202291444,6.202405745672907,0.15666125415696974,23.855742542807068,0,Well-Served,#1A7A3C
Marine Parade,Mountbatten,2010,10650,0.18873239436619718,1390.0,1710,0.037571719012738924,3.0,0.26905829596412556,4.959790134439337,1.7624981981027668,9.671348090539352,0,Well-Served,#1A7A3C
Newton,Cairnhill,740,4880,0.15163934426229508,430.0,620,0.05578703944160912,1.0,0.1858736059479554,1.0442058086266934,2.8615371857569154,4.503257870886258,0,Well-Served,#1A7A3C
Newton,Goodwood Park,160,1570,0.10191082802547771,30.0,110,0.18222427548378417,1.0,0.48309178743961345,1.2596251682642172,3.6856756075525174,0.38773835158879855,0,Well-Served,#1A7A3C
Newton,Monk's Hill,120,1250,0.096,70.0,120,0.05537868966683179,0.0,0.0,0.4721503311965508,3.0596104309780467,120.0,0,Well-Served,#1A7A3C
Newton,Orange Grove,460,2200,0.20909090909090908,150.0,290,0.11857898856409044,0.0,0.0,1.7060757774777342,3.16957870235646,460.0,2,Emerging Pressure,#D4A017
Novena,Balestier,7080,32910,0.21513217866909753,5410.0,6230,0.027267620265625014,4.0,0.1197246333433104,0.8083429494574306,3.9804646412118356,67.92935827295696,0,Well-Served,#1A7A3C
Novena,Dunearn,890,4110,0.21654501216545013,650.0,810,0.03192388550488201,4.0,0.8676789587852494,2.7796617429112254,4.6619080281928085,1.3098080172291244,0,Well-Served,#1A7A3C
Novena,Malcolm,620,3480,0.1781609195402299,430.0,530,0.037271208560870184,0.0,0.0,1.348299436536779,4.607470456366475,620.0,2,Emerging Pressure,#D4A017
Novena,Moulmein,1330,12260,0.10848287112561175,870.0,1070,0.04335773204453308,7.0,0.54858934169279,0.60498242335094,4.2391378467754715,2.800149140270023,0,Well-Served,#1A7A3C
Novena,Mount Pleasant,130,590,0.22033898305084745,50.0,90,0.10026509310601806,0.0,0.0,2.392493376866484,5.931433787573427,130.0,0,Well-Served,#1A7A3C
Orchard,Boulevard,80,430,0.18604651162790697,0.0,40,0.0,2.0,2.1505376344086025,1.4391080309112285,2.933586055003254,0.0431273608187961,0,Well-Served,#1A7A3C
Orchard,Tanglin,70,680,0.10294117647058823,10.0,0,0.2148140440390669,2.0,1.6949152542372878,2.2446436714209024,2.511142074157328,0.04901215315013989,0,Well-Served,#1A7A3C
Outram,China Square,540,1290,0.4186046511627907,390.0,470,0.033077529462111066,3.0,1.675977653631285,1.4300341392139964,1.1101989116044484,0.35573453177867315,0,Well-Served,#1A7A3C
Outram,Chinatown,2320,10090,0.22993062438057482,1940.0,2090,0.018048868361250303,2.0,0.18885741265344666,1.019576692125391,0.6888573497792005,13.090231712682375,0,Well-Served,#1A7A3C
Outram,Pearl's Hill,2100,5490,0.3825136612021858,2040.0,2070,0.0029029591363336493,4.0,0.667779632721202,0.8290417902890631,0.6339690768619081,3.3296290501924575,0,Well-Served,#1A7A3C
Pasir Ris,Flora Drive,2570,16450,0.15623100303951368,1260.0,1780,0.07388124548002817,4.0,0.2359882005899705,2.831281336511876,1.4612689398390275,12.84495176529337,0,Well-Served,#1A7A3C
Pasir Ris,Loyang East,510,2120,0.24056603773584906,230.0,370,0.08288972768890734,0.0,0.0,4.0885838978943,1.7557645690541583,510.0,2,Emerging Pressure,#D4A017
Pasir Ris,Loyang West,520,540,0.9629629629629629,150.0,120,0.13237743997702345,0.0,0.0,5.129622324217063,1.9087971416260217,520.0,2,Emerging Pressure,#D4A017
Pasir Ris,Pasir Ris Central,4550,31690,0.1435784159040707,1980.0,3230,0.08676244111878706,13.0,0.40385212799005904,3.568816301055217,1.3756433734502698,13.700485955554019,0,Well-Served,#1A7A3C
Pasir Ris,Pasir Ris Drive,9580,51090,0.18751223331376002,4950.0,6880,0.06825769783533353,8.0,0.1550688117852297,3.215739254518116,0.23594452459385346,71.61026314768039,0,Well-Served,#1A7A3C
Pasir Ris,Pasir Ris Park,560,7880,0.07106598984771574,110.0,420,0.17673733882009146,1.0,0.11933174224343678,4.652975757341997,1.634228703048045,5.950733972708657,0,Well-Served,#1A7A3C
Pasir Ris,Pasir Ris West,4980,34870,0.14281617436191568,2530.0,3520,0.07006678116470777,2.0,0.05654509471303365,4.257098257936937,2.299399788765555,110.39056743769781,0,Well-Served,#1A7A3C
Punggol,Matilda,4760,52390,0.09085703378507348,1680.0,3810,0.10976178866032371,3.0,0.05672149744753261,0.9528265862033801,1.2546428832132863,89.36557103353726,0,Well-Served,#1A7A3C
Punggol,Northshore,2640,24810,0.10640870616686819,0.0,10,0.0,1.0,0.039510075069142635,3.1247187068639923,3.356643260990481,81.39691851251635,0,Well-Served,#1A7A3C
Punggol,Punggol Field,6400,48320,0.13245033112582782,3210.0,4920,0.07143910773261175,4.0,0.0819336337566571,2.1272592820764387,2.06985605232092,89.98732903264849,0,Well-Served,#1A7A3C
Punggol,Punggol Town Centre,1870,25090,0.07453168593064965,370.0,1270,0.17588266568470168,25.0,0.9769441187964049,1.5953549672374634,1.8507824778353466,2.1705748681508426,0,Well-Served,#1A7A3C
Punggol,Waterway East,4840,53870,0.08984592537590495,1590.0,3480,0.11775037368365715,5.0,0.09196247930844216,2.346189483705983,2.3866563123085887,61.77385486136823,0,Well-Served,#1A7A3C
Queenstown,Commonwealth,1940,6490,0.29892141756548535,1790.0,1870,0.008079701349243962,2.0,0.28612303290414876,1.9695689426272809,3.236061087422879,8.072526448848013,0,Well-Served,#1A7A3C
Queenstown,Dover,2570,11220,0.22905525846702318,1940.0,2160,0.028520943016000277,2.0,0.1706484641638225,1.1306526745826961,2.1752815779833665,16.784064704544598,0,Well-Served,#1A7A3C
Queenstown,Ghim Moh,3410,13230,0.25774754346182915,2620.0,3210,0.026704129425950907,5.0,0.3641660597232338,2.0405536969775526,2.3780484537572963,10.95197628851813,0,Well-Served,#1A7A3C
Queenstown,Holland Drive,3660,12110,0.3022295623451693,3360.0,3510,0.008588892029972817,4.0,0.3172085646312451,2.133095643969482,3.4813484738810985,13.920649771188183,0,Well-Served,#1A7A3C
Queenstown,Margaret Drive,4770,24080,0.19808970099667775,1610.0,2510,0.11472887353058492,4.0,0.1627339300244101,1.3036805212477232,1.981362830563808,32.738362836694776,0,Well-Served,#1A7A3C
Queenstown,Mei Chin,3800,16430,0.23128423615337795,2850.0,3280,0.029186008964760646,6.0,0.3544004725339634,0.3819700317843639,1.7882713328213071,11.467635304384663,0,Well-Served,#1A7A3C
Queenstown,Pasir Panjang 1,800,4780,0.16736401673640167,460.0,660,0.05689833938450306,8.0,1.5151515151515151,0.7945792246220014,2.931055403760054,0.5949620050767431,0,Well-Served,#1A7A3C
Queenstown,Pasir Panjang 2,750,3720,0.20161290322580644,390.0,640,0.06757812317039158,2.0,0.4739336492890995,1.3585040771466994,2.485338786474889,1.8036351714618184,0,Well-Served,#1A7A3C
Queenstown,Tanglin Halt,1280,5790,0.22107081174438686,2770.0,2690,-0.0742941248576443,4.0,0.6359300476947536,1.424582017508697,3.0949481417690476,2.33877412886747,0,Well-Served,#1A7A3C
River Valley,Institution Hill,440,4270,0.10304449648711944,310.0,290,0.03564067300286866,0.0,0.0,1.6337951239983377,1.562802840245174,440.0,2,Emerging Pressure,#D4A017
River Valley,Leonie Hill,510,4150,0.12289156626506025,240.0,360,0.07829078416700663,0.0,0.0,1.7387340598780554,2.024590755139882,510.0,2,Emerging Pressure,#D4A017
River Valley,One Tree Hill,440,2420,0.18181818181818182,290.0,330,0.04257058558420579,0.0,0.0,2.159944918568612,2.3376004956524925,440.0,2,Emerging Pressure,#D4A017
River Valley,Oxley,320,1790,0.1787709497206704,260.0,270,0.02098100681516013,1.0,0.4366812227074236,1.4841259389606005,1.8880124491006438,0.8265439896368654,0,Well-Served,#1A7A3C
Rochor,Bencoolen,330,1360,0.2426470588235294,290.0,330,0.013005012216313228,0.0,0.0,1.0870896455624934,2.754208677912742,330.0,2,Emerging Pressure,#D4A017
Rochor,Farrer Park,610,2530,0.24110671936758893,530.0,600,0.014157476178544348,1.0,0.33003300330033003,0.8752280950268028,3.7566207394700903,2.130021315725065,0,Well-Served,#1A7A3C
Rochor,Kampong Glam,20,20,1.0,20.0,20,0.0,0.0,0.0,1.7604174646502668,3.4390066445338814,20.0,0,Well-Served,#1A7A3C
Rochor,Little India,950,3100,0.3064516129032258,800.0,890,0.017333537754854023,2.0,0.5555555555555556,0.9869829513274428,3.444478456241769,1.9670075802115077,0,Well-Served,#1A7A3C
Rochor,Mount Emily,160,2150,0.07441860465116279,60.0,110,0.10305425242206989,1.0,0.37735849056603776,0.8689076880432053,2.654272032345655,0.474770198335765,0,Well-Served,#1A7A3C
Rochor,Sungei Road,550,1970,0.27918781725888325,500.0,550,0.009576582776887,4.0,1.619433198380567,1.361481191134506,3.502672280619711,0.39814408005241286,0,Well-Served,#1A7A3C
Rochor,Victoria,570,1690,0.33727810650887574,490.0,530,0.015238029651860163,1.0,0.4566210045662101,1.3661446562838313,2.6832218628616915,1.4304530453181317,0,Well-Served,#1A7A3C
Sembawang,Admiralty,1950,13570,0.14369933677229182,1160.0,1450,0.053313528551349076,2.0,0.1421464108031272,3.533100673629193,0.6447006655910783,16.270079146544425,0,Well-Served,#1A7A3C
Sembawang,Sembawang Central,4720,34960,0.13501144164759726,2020.0,3170,0.08857677148382259,7.0,0.19740552735476594,3.355231489252645,0.6107651844740349,28.19010797310863,0,Well-Served,#1A7A3C
Sembawang,Sembawang East,1650,24770,0.06661283811061769,0.0,970,0.0,3.0,0.1187178472497032,2.7758106256008364,0.8047331037092139,16.006224424478795,0,Well-Served,#1A7A3C
Sembawang,Sembawang North,3530,25580,0.13799843627834246,1630.0,2580,0.08033565618359861,1.0,0.03834355828220859,3.7139656471434055,1.3479585240981704,109.38329722755184,0,Well-Served,#1A7A3C
Sembawang,Sembawang Springs,1520,12610,0.12053925455987312,670.0,880,0.08536766370041593,0.0,0.0,2.200617733884711,1.0071471497625841,1520.0,1,High Pressure,#C0392B
Sembawang,Sembawang Straits,320,2410,0.13278008298755187,170.0,200,0.06529553239613284,0.0,0.0,4.088485204158661,1.9504830579796069,320.0,2,Emerging Pressure,#D4A017
Sengkang,Anchorvale,5860,52520,0.11157654226961157,2510.0,4150,0.08848485183412103,8.0,0.15088645794039984,0.7561932740153834,0.876170890557082,41.03700420815772,0,Well-Served,#1A7A3C
Sengkang,Compassvale,2380,21900,0.108675799086758,1160.0,1870,0.07451355077265642,6.0,0.26785714285714285,1.2451364329585055,0.9863226217688068,9.66203545484501,0,Well-Served,#1A7A3C
Sengkang,Fernvale,8090,71250,0.11354385964912281,2510.0,5050,0.1241583224142997,9.0,0.1254355400696864,1.5929661048628203,1.6283923103167919,72.13396153225167,0,Well-Served,#1A7A3C
Sengkang,Rivervale,10140,62510,0.16221404575267956,4760.0,6930,0.07855699607326927,3.0,0.047611490239644505,1.4673362438268853,1.2526788838215632,231.20773485433168,0,Well-Served,#1A7A3C
Sengkang,Sengkang Town Centre,8940,59780,0.14954834392773503,4060.0,6310,0.08213426411543479,6.0,0.099535500995355,0.779834376813842,0.5886854039851597,93.90863088332763,0,Well-Served,#1A7A3C
Serangoon,Lorong Chuan,1740,8630,0.20162224797219003,1110.0,1320,0.04597818500575879,1.0,0.10952902519167579,3.546555776732354,4.018358434060657,20.376899351654068,0,Well-Served,#1A7A3C
Serangoon,Seletar Hills,3380,15360,0.22005208333333334,2030.0,2740,0.05230604745866829,0.0,0.0,3.2464873557878606,3.1965641201517574,3380.0,1,High Pressure,#C0392B
Serangoon,Serangoon Central,6260,22350,0.28008948545861295,3730.0,5120,0.05314107142835467,7.0,0.3063457330415755,4.444571968557659,4.117760244320489,27.379588165651867,0,Well-Served,#1A7A3C
Serangoon,Serangoon Garden,9740,37380,0.26056714820759763,6460.0,8150,0.04191584799256498,1.0,0.026399155227032733,4.590861672967853,4.4021007101583605,477.72621592200807,2,Emerging Pressure,#D4A017
Serangoon,Serangoon North,3080,15070,0.20437956204379562,1600.0,2300,0.06768483297209693,2.0,0.12845215157353884,3.3075463739010114,3.1301079225708417,29.901636655601408,0,Well-Served,#1A7A3C
Serangoon,Upper Paya Lebar,3820,18410,0.20749592612710482,2280.0,3030,0.052962371520818285,1.0,0.052882072977260705,4.453075331240054,3.0624974039003297,92.65340328357948,0,Well-Served,#1A7A3C
Singapore River,Robertson Quay,360,4400,0.08181818181818182,130.0,250,0.10722508082004611,1.0,0.2040816326530612,1.3771712697149072,1.340050221968269,1.9458076774988688,0,Well-Served,#1A7A3C
Southern Islands,Sentosa,270,2760,0.09782608695652174,40.0,110,0.21040407541934547,0.0,0.0,3.424264818584132,3.607299667683278,270.0,2,Emerging Pressure,#D4A017
Sungei Kadut,Turf Club,140,560,0.25,70.0,90,0.07177346253629313,1.0,0.9433962264150942,2.8840678016318453,1.2785801030557418,0.175272315328582,0,Well-Served,#1A7A3C
Tampines,Simei,7950,38340,0.20735524256651017,4300.0,5920,0.06338337760193147,16.0,0.4119464469618949,0.5944591501932467,2.3283455493089567,21.163762623016254,0,Well-Served,#1A7A3C
Tampines,Tampines East,27350,127100,0.2151848937844217,14380.0,18160,0.06639928313965782,21.0,0.164576802507837,1.8237425558605704,0.8245552732442298,184.19948919612423,0,Well-Served,#1A7A3C
Tampines,Tampines North,2660,36270,0.07333884753239592,0.0,790,0.0,3.0,0.08158825129181398,3.129874235442609,1.212272846765601,38.33015194228884,0,Well-Served,#1A7A3C
Tampines,Tampines West,15870,87260,0.1818702727481091,7580.0,11230,0.07669022969046746,18.0,0.20510483135824975,1.496911879005605,1.4843770651747996,86.14173692918668,0,Well-Served,#1A7A3C
Tampines,Xilin,320,1830,0.17486338797814208,130.0,220,0.09426034885807488,0.0,0.0,3.047935498385014,4.322650636333931,320.0,2,Emerging Pressure,#D4A017
Tanglin,Chatsworth,1180,7900,0.14936708860759493,630.0,930,0.0647659287644824,1.0,0.11904761904761904,2.3080960779803856,1.7784627436186742,11.472107841899156,0,Well-Served,#1A7A3C
Tanglin,Nassim,1760,10990,0.16014558689717925,1020.0,1390,0.05606645922444575,0.0,0.0,2.1200474196361023,3.313670909815842,1760.0,1,High Pressure,#C0392B
Tanglin,Ridout,330,1590,0.20754716981132076,170.0,260,0.06857867223861658,0.0,0.0,1.837150403631143,2.1937318190462927,330.0,2,Emerging Pressure,#D4A017
Tanglin,Tyersall,820,4440,0.18468468468468469,490.0,680,0.05283854721574999,0.0,0.0,3.096690336182595,3.457816666670113,819.9999999999999,2,Emerging Pressure,#D4A017
Tengah,Garden,500,6870,0.07278020378457059,0.0,0,0.0,0.0,0.0,3.475883742016905,0.9838216172445722,500.0,2,Emerging Pressure,#D4A017
Tengah,Park,200,4100,0.04878048780487805,0.0,0,0.0,0.0,0.0,3.999665764756548,1.8282586369788365,200.0,2,Emerging Pressure,#D4A017
Tengah,Plantation,1000,12220,0.08183306055646482,0.0,0,0.0,0.0,0.0,2.505992259002641,0.6784196382440771,1000.0,2,Emerging Pressure,#D4A017
Toa Payoh,Bidadari,830,9240,0.08982683982683982,0.0,0,0.0,2.0,0.2053388090349076,3.8786308796190654,2.8655202462290004,5.141425262229511,0,Well-Served,#1A7A3C
Toa Payoh,Boon Teck,3860,14780,0.26116373477672533,3120.0,3440,0.021511525537150522,6.0,0.39267015706806285,1.720622453706786,4.21020344421285,11.880755708100676,0,Well-Served,#1A7A3C
Toa Payoh,Braddell,2380,9540,0.24947589098532494,1930.0,2140,0.021179210715420282,3.0,0.29880478087649404,2.0508563332776193,4.723950347762746,9.869526450549213,0,Well-Served,#1A7A3C
Toa Payoh,Joo Seng,1650,8040,0.20522388059701493,1200.0,1470,0.032357862679155636,2.0,0.234192037470726,4.378287875036896,1.9910674330658718,8.95978451668128,0,Well-Served,#1A7A3C
Toa Payoh,Kim Keat,2410,9720,0.24794238683127573,1480.0,1840,0.049966717420884654,5.0,0.4892367906066536,1.7243144901587997,3.4573798165301137,5.847455480451442,0,Well-Served,#1A7A3C
Toa Payoh,Lorong 8 Toa Payoh,2090,6710,0.3114754098360656,1680.0,1870,0.022077200170723676,3.0,0.4160887656033287,2.4614717396920143,4.063289333417615,6.234799159256217,0,Well-Served,#1A7A3C
Toa Payoh,Pei Chun,2720,9820,0.2769857433808554,2190.0,2340,0.0219095997858747,5.0,0.4844961240310077,2.1922186752952535,3.8541988959674467,6.861226698695782,0,Well-Served,#1A7A3C
Toa Payoh,Potong Pasir,3530,12860,0.2744945567651633,2050.0,2650,0.05584966005792946,3.0,0.22455089820359284,2.518515887208547,2.9139357002751582,18.971577631160645,0,Well-Served,#1A7A3C
Toa Payoh,Sennett,2260,17550,0.12877492877492877,930.0,1200,0.09285501378637462,3.0,0.16620498614958448,3.2243320142323424,2.2610242492555463,16.589500378228077,0,Well-Served,#1A7A3C
Toa Payoh,Toa Payoh Central,5940,27440,0.2164723032069971,4630.0,5170,0.025228204685530775,12.0,0.4294917680744452,1.2071182685329727,4.664047488505742,16.553933289798913,0,Well-Served,#1A7A3C
Toa Payoh,Toa Payoh West,3810,14140,0.2694483734087694,2950.0,3500,0.02591243989994907,5.0,0.34153005464480873,2.1726631154252236,5.617625221558259,14.19452873595007,0,Well-Served,#1A7A3C
Toa Payoh,Woodleigh,470,3460,0.13583815028901733,140.0,270,0.1287479699002767,0.0,0.0,3.0828736925966607,3.349598184601865,469.99999999999994,2,Emerging Pressure,#D4A017
Woodlands,Midview,4590,33990,0.13503971756398941,2360.0,3270,0.06878430660764856,8.0,0.2319512902290519,0.5740521334771441,2.0636280686337454,21.480714470847754,0,Well-Served,#1A7A3C
Woodlands,North Coast,2670,11190,0.2386058981233244,1870.0,2250,0.03625577885822295,0.0,0.0,1.5430417740255695,2.4049843025224495,2670.0,1,High Pressure,#C0392B
Woodlands,Woodgrove,4950,32320,0.1531559405940594,2450.0,3540,0.07286211929687214,10.0,0.30469226081657524,1.4166863728589933,0.4017620967565824,17.530173997933588,0,Well-Served,#1A7A3C
Woodlands,Woodlands East,11870,98780,0.12016602551123709,5360.0,8230,0.08275099855721457,10.0,0.10072522159548751,1.4907386452476008,2.6803234223578603,134.56217038874715,0,Well-Served,#1A7A3C
Woodlands,Woodlands South,5060,41950,0.12061978545887962,2320.0,3570,0.08110096049888571,6.0,0.14134275618374556,1.3370528532942334,1.8984856602459348,39.91437962389808,0,Well-Served,#1A7A3C
Woodlands,Woodlands West,6790,36710,0.18496322527921547,3670.0,4890,0.063458069459434,6.0,0.16124697661918838,0.9625222448773426,0.9118498079394092,44.98773729671289,0,Well-Served,#1A7A3C
Yishun,Khatib,2510,9700,0.25876288659793817,1230.0,1800,0.07393219223930503,5.0,0.4901960784313726,1.204488286807573,3.297017794594121,5.9212330320384305,0,Well-Served,#1A7A3C
Yishun,Lower Seletar,1260,19080,0.0660377358490566,70.0,920,0.335141362540313,0.0,0.0,2.0706433287792834,5.091114173715782,1260.0,2,Emerging Pressure,#D4A017
Yishun,Nee Soon,90,1200,0.075,130.0,110,-0.03610458219651225,0.0,0.0,3.298259059882891,4.470453576682568,90.0,0,Well-Served,#1A7A3C
Yishun,Northland,5650,26840,0.21050670640834576,2890.0,4160,0.06933814851714604,6.0,0.2194586686174104,1.315833009544892,2.155321518653776,28.954509746964586,0,Well-Served,#1A7A3C
Yishun,Springleaf,1030,4380,0.23515981735159816,600.0,810,0.055525178508167405,1.0,0.20491803278688525,3.0402961295120674,5.291539715102364,6.546534085222152,0,Well-Served,#1A7A3C
Yishun,Yishun Central,450,2930,0.15358361774744028,140.0,310,0.12385025332346844,33.0,9.620991253644315,0.23422791187427888,2.9673832094841615,0.051478389734613085,0,Well-Served,#1A7A3C
Yishun,Yishun East,9480,73550,0.12889191026512575,3740.0,5870,0.09747256780009539,6.0,0.08102633355840648,0.7450658102436855,3.2596172213082677,130.964170012011,0,Well-Served,#1A7A3C
Yishun,Yishun South,8120,41020,0.19795221843003413,4250.0,6270,0.06688279094411498,12.0,0.2890173410404624,0.5986250170557771,3.6800177747635185,31.911939452504946,0,Well-Served,#1A7A3C
Yishun,Yishun West,11260,50760,0.2218282111899133,6470.0,8790,0.05697182554558733,9.0,0.1755754974639095,1.3226769035747472,1.8727255509591143,71.51912956850524,0,Well-Served,#1A7A3C
